subnum,trial,samediff,mat1,mat2,abstime,rt,resp,corr
emiraltan2pattern,1,same,11011010001101,11011010001101,6469,1818,<lshift>,1
emiraltan2pattern,2,diff,1.00101E+15,1110011001110,8726,852,<rshift>,1
emiraltan2pattern,3,diff,1011011011100,1010011010010101,10018,862,<rshift>,1
emiraltan2pattern,4,diff,1.10011E+15,111110011100000,11319,805,<rshift>,1
emiraltan2pattern,5,same,1.10111E+15,1.10111E+15,12563,924,<lshift>,1
emiraltan2pattern,6,same,110110000111010,110110000111010,13925,831,<lshift>,1
emiraltan2pattern,7,same,111000110100110,111000110100110,15202,797,<lshift>,1
emiraltan2pattern,8,same,110010101010101,110010101010101,16442,918,<lshift>,1
emiraltan2pattern,9,diff,1110010110001001,111100110001010,17801,763,<rshift>,1
emiraltan2pattern,10,same,11001101001110,11001101001110,19000,763,<lshift>,1
emiraltan2pattern,11,same,1010010110111,1010010110111,20204,786,<lshift>,1
emiraltan2pattern,12,same,101011000101011,101011000101011,21428,836,<lshift>,1
emiraltan2pattern,13,diff,1011100010111,101101000110011,22703,748,<rshift>,1
emiraltan2pattern,14,same,110110000111001,110110000111001,23889,762,<lshift>,1
emiraltan2pattern,15,same,1.00111E+15,1.00111E+15,25091,908,<lshift>,1
emiraltan2pattern,16,same,10011011101010,10011011101010,26440,762,<lshift>,1
emiraltan2pattern,17,diff,1010101111000001,10111110100100,27640,1255,<rshift>,1
emiraltan2pattern,18,same,1011110000011001,1011110000011001,29337,896,<lshift>,1
emiraltan2pattern,19,same,110011010000111,110011010000111,30678,757,<lshift>,1
emiraltan2pattern,20,diff,101110101110000,110010101100101,31876,757,<rshift>,1
emiraltan2pattern,21,diff,100011010101110,1.001E+15,33078,827,<rshift>,1
emiraltan2pattern,22,same,1010001111110,1010001111110,34352,802,<lshift>,1
emiraltan2pattern,23,same,1.0101E+15,1.0101E+15,35593,942,<lshift>,1
emiraltan2pattern,24,diff,10101111000011,10111010001101,36972,830,<rshift>,1
emiraltan2pattern,25,same,1.11E+15,1.11E+15,38246,862,<lshift>,1
emiraltan2pattern,26,diff,100111100100101,1110010000110101,39545,844,<rshift>,1
emiraltan2pattern,27,diff,1111001100100001,110101110101000,40831,862,<rshift>,1
emiraltan2pattern,28,diff,1010101100101001,1.1001E+15,42139,812,<rshift>,1
emiraltan2pattern,29,diff,1011010101000101,1000110110001101,43396,910,<rshift>,1
emiraltan2pattern,30,same,1.01011E+15,1.01011E+15,44743,868,<lshift>,1
emiraltan2pattern,31,diff,1.10101E+15,1.00111E+15,46065,886,<rshift>,1
emiraltan2pattern,32,diff,1.10001E+15,101101101010010,47400,899,<rshift>,1
emiraltan2pattern,33,diff,1111000001101001,11100010101011,48743,828,<rshift>,1
emiraltan2pattern,34,diff,1101110001010001,101011101011000,50018,861,<rshift>,1
emiraltan2pattern,35,diff,100111101010001,101111010010010,51332,999,<rshift>,1
emiraltan2pattern,36,same,111010110110,111010110110,52768,942,<lshift>,1
emiraltan2pattern,37,same,10111100111000,10111100111000,54147,928,<lshift>,1
emiraltan2pattern,38,same,1111010111000,1111010111000,55517,896,<lshift>,1
emiraltan2pattern,39,same,1.1111E+15,1.1111E+15,56851,864,<lshift>,1
emiraltan2pattern,40,diff,10110111100100,1.01111E+15,58153,1108,<rshift>,1
emiraltan2pattern,41,diff,100111100110001,1001011100011001,59702,974,<rshift>,1
emiraltan2pattern,42,diff,110010111100100,1100111101100,61117,910,<rshift>,1
emiraltan2pattern,43,same,110110011010010,110110011010010,62476,845,<lshift>,1
emiraltan2pattern,44,diff,100111101001100,101011101010010,63767,901,<rshift>,1
emiraltan2pattern,45,diff,1011001011101,11011101100001,65123,1080,<rshift>,1
emiraltan2pattern,46,diff,11100101100110,1.00111E+15,66646,937,<rshift>,1
emiraltan2pattern,47,diff,101110001010011,101011011100001,68032,873,<lshift>,0
emiraltan2pattern,48,same,1.11001E+15,1.11001E+15,69351,922,<lshift>,1
emiraltan2pattern,49,same,101000110110101,101000110110101,70711,930,<lshift>,1
emiraltan2pattern,50,diff,100011101100101,110111110001,72086,818,<rshift>,1
emiraltan2pattern,51,same,1.001E+15,1.001E+15,73349,930,<lshift>,1
emiraltan2pattern,52,same,111100100100101,111100100100101,74725,1298,<lshift>,1
emiraltan2pattern,53,diff,1.1101E+15,1010000101011011,76462,822,<rshift>,1
emiraltan2pattern,54,diff,11010000101111,111100010101010,77722,1006,<rshift>,1
emiraltan2pattern,55,same,1111010100001001,1111010100001001,79173,922,<lshift>,1
emiraltan2pattern,56,diff,110101000110011,1010111001000011,80534,786,<rshift>,1
emiraltan2pattern,57,same,11101001111000,11101001111000,81760,1080,<lshift>,1
emiraltan2pattern,58,same,100110101101010,100110101101010,83288,1177,<rshift>,0
emiraltan2pattern,59,diff,11101101011,1010011010001011,84915,945,<rshift>,1
emiraltan2pattern,60,same,1.1011E+15,1.1011E+15,86314,945,<lshift>,1