subnum,trial,samediff,mat1,mat2,abstime,rt,resp,corr
Ahmetpattern,1,same,1.00E+13,1.00E+13,43367,1991,<rshift>,0
Ahmetpattern,2,same,1.01E+14,1.01E+14,45813,932,<lshift>,1
Ahmetpattern,3,same,1.10E+14,1.10E+14,47197,1215,<lshift>,1
Ahmetpattern,4,same,1.01E+14,1.01E+14,48865,1090,<lshift>,1
Ahmetpattern,5,diff,1.00E+14,1.01E+12,50394,1056,<rshift>,1
Ahmetpattern,6,diff,1.11E+13,1.10E+12,51890,1246,<rshift>,1
Ahmetpattern,7,diff,1.11E+15,1.01E+15,53580,1040,<rshift>,1
Ahmetpattern,8,diff,1.10E+13,1.00E+15,55061,1180,<rshift>,1
Ahmetpattern,9,diff,1.10E+15,1.00E+15,56683,982,<rshift>,1
Ahmetpattern,10,diff,1.01E+11,1.11E+13,58109,1320,<rshift>,1
Ahmetpattern,11,same,1.01E+14,1.01E+14,59885,956,<lshift>,1
Ahmetpattern,12,diff,1.00E+15,1.01E+14,61282,945,<rshift>,1
Ahmetpattern,13,same,1.10E+15,1.10E+15,62672,1259,<lshift>,1
Ahmetpattern,14,same,1.11E+11,1.11E+11,64376,755,<lshift>,1
Ahmetpattern,15,diff,1.01E+15,1.01E+15,65578,1012,<rshift>,1
Ahmetpattern,16,same,1.00E+14,1.00E+14,67036,1122,<lshift>,1
Ahmetpattern,17,diff,1.01E+15,1.00E+15,68595,1252,<rshift>,1
Ahmetpattern,18,same,1.01E+15,1.01E+15,70299,1300,<lshift>,1
Ahmetpattern,19,diff,1.00E+15,1.10E+14,72039,1506,<rshift>,1
Ahmetpattern,20,same,1.01E+15,1.01E+15,73989,1115,<lshift>,1
Ahmetpattern,21,diff,1.01E+15,1.01E+15,75548,892,<rshift>,1
Ahmetpattern,22,same,1.11E+14,1.11E+14,76878,1108,<lshift>,1
Ahmetpattern,23,same,1.10E+15,1.10E+15,78428,929,<lshift>,1
Ahmetpattern,24,same,1.01E+15,1.01E+15,79802,893,<lshift>,1
Ahmetpattern,25,same,1.10E+14,1.10E+14,81134,961,<lshift>,1
Ahmetpattern,26,same,1.01E+15,1.01E+15,82535,960,<lshift>,1
Ahmetpattern,27,diff,1.00E+13,1.00E+12,83944,978,<rshift>,1
Ahmetpattern,28,diff,1.10E+14,1.11E+14,85370,1122,<rshift>,1
Ahmetpattern,29,diff,1.10E+13,1.10E+13,86929,1030,<rshift>,1
Ahmetpattern,30,same,1.00E+12,1.00E+12,88404,767,<lshift>,1
Ahmetpattern,31,diff,1.11E+11,1.00E+14,89617,1032,<rshift>,1
Ahmetpattern,32,same,1.11E+12,1.11E+12,91098,776,<lshift>,1
Ahmetpattern,33,same,1.00E+14,1.00E+14,92314,895,<lshift>,1
Ahmetpattern,34,same,1.00E+12,1.00E+12,93652,659,<lshift>,1
Ahmetpattern,35,same,1.10E+14,1.10E+14,94751,706,<lshift>,1
Ahmetpattern,36,diff,1.00E+15,1.00E+12,95902,997,<rshift>,1
Ahmetpattern,37,same,1.00E+15,1.00E+15,97343,773,<rshift>,0
Ahmetpattern,38,diff,1.11E+13,1.10E+15,98572,1121,<lshift>,0
Ahmetpattern,39,same,1.00E+14,1.00E+14,100140,1154,<lshift>,1
Ahmetpattern,40,same,1.10E+15,1.10E+15,101736,994,<lshift>,1
Ahmetpattern,41,diff,1.10E+15,1.10E+15,103170,1848,<rshift>,1
Ahmetpattern,42,diff,1.01E+14,1.01E+15,105458,1119,<rshift>,1
Ahmetpattern,43,diff,1.11E+15,1.00E+14,107023,1246,<rshift>,1
Ahmetpattern,44,same,1.10E+15,1.10E+15,108716,1118,<lshift>,1
Ahmetpattern,45,diff,1.01E+11,1.11E+11,110284,1153,<rshift>,1
Ahmetpattern,46,diff,1.00E+15,1.00E+15,111879,1082,<rshift>,1
Ahmetpattern,47,same,1.11E+13,1.11E+13,113408,942,<lshift>,1
Ahmetpattern,48,same,1.10E+15,1.10E+15,114800,1222,<lshift>,1
Ahmetpattern,49,diff,1.10E+14,1.01E+13,116471,1506,<rshift>,1
Ahmetpattern,50,diff,1.11E+13,1.00E+12,118426,1088,<rshift>,1
Ahmetpattern,51,same,1.00E+15,1.00E+15,119953,782,<lshift>,1
Ahmetpattern,52,diff,1.10E+15,1.10E+15,121177,962,<rshift>,1
Ahmetpattern,53,diff,1.10E+14,1.01E+13,122578,1414,<rshift>,1
Ahmetpattern,54,same,1.10E+13,1.10E+13,124439,734,<rshift>,0
Ahmetpattern,55,same,1.00E+15,1.00E+15,125614,1082,<lshift>,1
Ahmetpattern,56,diff,1.01E+15,1.00E+15,127132,867,<rshift>,1
Ahmetpattern,57,diff,1.11E+15,1.10E+15,128443,1617,<rshift>,1
Ahmetpattern,58,same,1.01E+15,1.01E+15,130506,849,<lshift>,1
Ahmetpattern,59,diff,1.00E+15,1.00E+15,131796,968,<rshift>,1
Ahmetpattern,60,diff,1.10E+15,1.01E+14,133208,935,<rshift>,1