subnum,trial,samediff,mat1,mat2,abstime,rt,resp,corr
Cengizhocapattern,1,diff,111000011010110,1.011E+15,45546,4320,<rshift>,1
Cengizhocapattern,2,same,10010100111101,10010100111101,50316,3040,<lshift>,1
Cengizhocapattern,3,same,111000101011010,111000101011010,53798,3616,<lshift>,1
Cengizhocapattern,4,diff,100111010110001,1101011110010,57861,9305,<rshift>,1
Cengizhocapattern,5,same,101010111000101,101010111000101,67607,2780,<lshift>,1
Cengizhocapattern,6,diff,1001010100011011,1011101110001,70831,1685,<rshift>,1
Cengizhocapattern,7,same,1111000001010101,1111000001010101,72955,1728,<lshift>,1
Cengizhocapattern,8,diff,10010111010110,11001011010101,75131,1301,<rshift>,1
Cengizhocapattern,9,same,110011011010100,110011011010100,76873,1429,<lshift>,1
Cengizhocapattern,10,same,1.11001E+15,1.11001E+15,78744,1388,<lshift>,1
Cengizhocapattern,11,diff,1.1101E+15,110000011101101,80575,3618,<rshift>,1
Cengizhocapattern,12,diff,11110001110100,11011100100101,84631,1924,<rshift>,1
Cengizhocapattern,13,same,111010011010010,111010011010010,87003,2044,<lshift>,1
Cengizhocapattern,14,same,111000100110101,111000100110101,89492,1997,<lshift>,1
Cengizhocapattern,15,same,1011000111000011,1011000111000011,91936,2982,<lshift>,1
Cengizhocapattern,16,same,111000010011011,111000010011011,95361,4210,<lshift>,1
Cengizhocapattern,17,diff,110101011000101,1.0111E+15,100015,2628,<rshift>,1
Cengizhocapattern,18,diff,101010001111010,1000110001110011,103082,2456,<rshift>,1
Cengizhocapattern,19,same,1000000110111101,1000000110111101,105981,3605,<lshift>,1
Cengizhocapattern,20,same,1000001010011111,1000001010011111,110029,2868,<lshift>,1
Cengizhocapattern,21,diff,101100011100101,11111010100001,113346,1705,<rshift>,1
Cengizhocapattern,22,same,1100110010001101,1100110010001101,115494,1668,<lshift>,1
Cengizhocapattern,23,same,101111100010010,101111100010010,117598,3406,<lshift>,1
Cengizhocapattern,24,same,110010000111011,110010000111011,121440,1916,<lshift>,1
Cengizhocapattern,25,same,111001011001010,111001011001010,123799,2439,<lshift>,1
Cengizhocapattern,26,diff,1101111000001001,1100011101000101,126687,2263,<rshift>,1
Cengizhocapattern,27,diff,1.0001E+15,1.00001E+15,129391,4004,<rshift>,1
Cengizhocapattern,28,diff,1100110100000111,1011100110000011,133836,2816,<rshift>,1
Cengizhocapattern,29,diff,1.0111E+15,11010111011000,137094,1624,<rshift>,1
Cengizhocapattern,30,diff,110000111011001,10100101101101,139160,3206,<rshift>,1
Cengizhocapattern,31,same,1.001E+15,1.001E+15,142809,1432,<lshift>,1
Cengizhocapattern,32,diff,1010010111100001,110010101010011,144687,1741,<rshift>,1
Cengizhocapattern,33,same,1.101E+15,1.101E+15,146872,4694,<lshift>,1
Cengizhocapattern,34,same,1000111111100,1000111111100,152004,3054,<lshift>,1
Cengizhocapattern,35,same,1001111010000101,1001111010000101,155498,2900,<lshift>,1
Cengizhocapattern,36,same,10010010111101,10010010111101,158835,2254,<lshift>,1
Cengizhocapattern,37,same,1.10111E+15,1.10111E+15,161540,1412,<lshift>,1
Cengizhocapattern,38,same,111000110010101,111000110010101,163389,1497,<lshift>,1
Cengizhocapattern,39,same,101110000011110,101110000011110,165333,1907,<lshift>,1
Cengizhocapattern,40,diff,101011100001101,1011111000001001,167687,2022,<lshift>,0
Cengizhocapattern,41,diff,1010101001001011,10100011100111,170152,5048,<rshift>,1
Cengizhocapattern,42,diff,1.111E+15,1.00101E+15,175640,3662,<rshift>,1
Cengizhocapattern,43,same,1110010110000011,1110010110000011,179740,2954,<lshift>,1
Cengizhocapattern,44,same,1011111000100001,1011111000100001,183148,4342,<lshift>,1
Cengizhocapattern,45,diff,100010100111101,11010110011100,187936,2856,<rshift>,1
Cengizhocapattern,46,diff,11000111110001,10010110100111,191230,2540,<rshift>,1
Cengizhocapattern,47,same,110101110100001,110101110100001,194212,3446,<lshift>,1
Cengizhocapattern,48,same,1001010110100011,1001010110100011,198102,2880,<lshift>,1
Cengizhocapattern,49,diff,1.1001E+15,1.00111E+15,201423,2122,<rshift>,1
Cengizhocapattern,50,diff,1111010101000001,1101000001010111,203986,4334,<rshift>,1
Cengizhocapattern,51,same,11111010000101,11111010000101,208761,2172,<lshift>,1
Cengizhocapattern,52,diff,1000111100011001,100011100110101,211371,2260,<lshift>,0
Cengizhocapattern,53,diff,1.10111E+15,100110000111110,214070,4388,<rshift>,1
Cengizhocapattern,54,diff,1.0011E+15,10111010001101,218901,2498,<rshift>,1
Cengizhocapattern,55,diff,1.00101E+15,11100101010101,221852,3099,<rshift>,1
Cengizhocapattern,56,same,1.00011E+15,1.00011E+15,225388,2262,<lshift>,1
Cengizhocapattern,57,diff,1010011010000111,1.01101E+15,228093,4304,<rshift>,1
Cengizhocapattern,58,diff,1001111000010011,1011001110010001,232837,1376,<rshift>,1
Cengizhocapattern,59,diff,100001111101100,100111011110,234652,2026,<rshift>,1
Cengizhocapattern,60,diff,101111100001001,1111011000000011,237124,2289,<rshift>,1