subNum,type,trialnum,cond,stimid,rot,resp,cor,rt
Ahmetrotas,PRACTICE,-3,1,2,0,<RSHIFT>,1,1944
Ahmetrotas,PRACTICE,-2,1,1,-1,<LSHIFT>,0,1650
Ahmetrotas,PRACTICE,-1,0,1,4,<LSHIFT>,1,936
Ahmetrotas,PRACTICE,0,0,2,-2,<RSHIFT>,0,1974
Ahmetrotas,TEST,1,0,2,2,<LSHIFT>,1,1336
Ahmetrotas,TEST,2,0,1,2,<RSHIFT>,0,1819
Ahmetrotas,TEST,3,1,1,-1,<LSHIFT>,0,1274
Ahmetrotas,TEST,4,1,2,4,<RSHIFT>,1,1040
Ahmetrotas,TEST,5,0,2,0,<LSHIFT>,1,1086
Ahmetrotas,TEST,6,1,1,-2,<RSHIFT>,1,1552
Ahmetrotas,TEST,7,1,2,-2,<RSHIFT>,1,1488
Ahmetrotas,TEST,8,0,1,-3,<LSHIFT>,1,1787
Ahmetrotas,TEST,9,0,1,-1,<LSHIFT>,1,1651
Ahmetrotas,TEST,10,0,2,-2,<RSHIFT>,0,1451
Ahmetrotas,TEST,11,1,2,3,<LSHIFT>,0,1143
Ahmetrotas,TEST,12,1,1,4,<LSHIFT>,0,945
Ahmetrotas,TEST,13,1,1,-2,<RSHIFT>,1,2475
Ahmetrotas,TEST,14,0,2,3,<LSHIFT>,1,1776
Ahmetrotas,TEST,15,0,2,3,<RSHIFT>,0,1868
Ahmetrotas,TEST,16,0,2,4,<LSHIFT>,1,966
Ahmetrotas,TEST,17,1,2,4,<LSHIFT>,0,1742
Ahmetrotas,TEST,18,0,1,1,<RSHIFT>,0,2562
Ahmetrotas,TEST,19,1,2,-2,<LSHIFT>,0,1681
Ahmetrotas,TEST,20,0,1,2,<RSHIFT>,0,2347
Ahmetrotas,TEST,21,1,2,2,<LSHIFT>,0,2040
Ahmetrotas,TEST,22,0,1,-2,<RSHIFT>,0,2296
Ahmetrotas,TEST,23,0,1,0,<LSHIFT>,1,867
Ahmetrotas,TEST,24,0,1,0,<LSHIFT>,1,1668
Ahmetrotas,TEST,25,1,2,3,<RSHIFT>,1,2261
Ahmetrotas,TEST,26,0,1,4,<RSHIFT>,0,1381
Ahmetrotas,TEST,27,0,2,-3,<LSHIFT>,1,2411
Ahmetrotas,TEST,28,1,2,-1,<LSHIFT>,0,1686
Ahmetrotas,TEST,29,1,2,4,<RSHIFT>,1,1200
Ahmetrotas,TEST,30,1,1,0,<RSHIFT>,1,2532
Ahmetrotas,TEST,31,1,1,-3,<RSHIFT>,1,2990
Ahmetrotas,TEST,32,1,1,4,<RSHIFT>,1,2512
Ahmetrotas,TEST,33,0,2,-1,<LSHIFT>,1,2204
Ahmetrotas,TEST,34,1,2,-2,<LSHIFT>,0,1718
Ahmetrotas,TEST,35,0,1,3,<RSHIFT>,0,2648
Ahmetrotas,TEST,36,0,1,-2,<RSHIFT>,0,1240
Ahmetrotas,TEST,37,1,1,1,<LSHIFT>,0,1964
Ahmetrotas,TEST,38,1,2,3,<RSHIFT>,1,2670
Ahmetrotas,TEST,39,1,2,-2,<RSHIFT>,1,2023
Ahmetrotas,TEST,40,1,1,0,<RSHIFT>,1,1897
Ahmetrotas,TEST,41,1,1,-3,<RSHIFT>,1,1872
Ahmetrotas,TEST,42,0,1,1,<TIMEOUT>,0,3002
Ahmetrotas,TEST,43,0,2,-2,<LSHIFT>,1,1844
Ahmetrotas,TEST,44,0,2,-3,<LSHIFT>,1,1440
Ahmetrotas,TEST,45,0,1,-3,<RSHIFT>,0,1542
Ahmetrotas,TEST,46,0,2,1,<RSHIFT>,0,2241
Ahmetrotas,TEST,47,1,2,0,<LSHIFT>,0,1442
Ahmetrotas,TEST,48,0,1,-1,<LSHIFT>,1,2758
Ahmetrotas,TEST,49,1,1,4,<RSHIFT>,1,2262
Ahmetrotas,TEST,50,0,2,-1,<LSHIFT>,1,1518
Ahmetrotas,TEST,51,0,1,-3,<LSHIFT>,1,2494
Ahmetrotas,TEST,52,0,2,-1,<RSHIFT>,0,1994
Ahmetrotas,TEST,53,1,1,-3,<LSHIFT>,0,2849
Ahmetrotas,TEST,54,1,2,-1,<RSHIFT>,1,1766
Ahmetrotas,TEST,55,0,1,-2,<LSHIFT>,1,2818
Ahmetrotas,TEST,56,0,2,3,<RSHIFT>,0,2584
Ahmetrotas,TEST,57,1,1,-2,<LSHIFT>,0,2382
Ahmetrotas,TEST,58,0,1,3,<TIMEOUT>,0,3003
Ahmetrotas,TEST,59,0,2,3,<LSHIFT>,1,1091
Ahmetrotas,TEST,60,1,1,2,<RSHIFT>,1,2063
Ahmetrotas,TEST,61,1,1,-2,<RSHIFT>,1,1938
Ahmetrotas,TEST,62,1,1,4,<RSHIFT>,1,1902
Ahmetrotas,TEST,63,0,2,-2,<RSHIFT>,0,2444
Ahmetrotas,TEST,64,0,1,2,<RSHIFT>,0,2629
Ahmetrotas,TEST,65,0,2,-3,<LSHIFT>,1,2615
Ahmetrotas,TEST,66,1,2,0,<LSHIFT>,0,1252
Ahmetrotas,TEST,67,0,1,4,<LSHIFT>,1,1459
Ahmetrotas,TEST,68,1,2,2,<LSHIFT>,0,2364
Ahmetrotas,TEST,69,1,1,-1,<LSHIFT>,0,2630
Ahmetrotas,TEST,70,1,1,3,<LSHIFT>,0,1838
Ahmetrotas,TEST,71,1,2,-3,<LSHIFT>,0,2211
Ahmetrotas,TEST,72,0,2,1,<LSHIFT>,1,1637
Ahmetrotas,TEST,73,1,1,0,<LSHIFT>,0,2014
Ahmetrotas,TEST,74,0,1,-1,<LSHIFT>,1,1498
Ahmetrotas,TEST,75,1,1,3,<RSHIFT>,1,1602
Ahmetrotas,TEST,76,0,2,-2,<RSHIFT>,0,1710
Ahmetrotas,TEST,77,0,2,2,<LSHIFT>,1,1474
Ahmetrotas,TEST,78,1,2,0,<LSHIFT>,0,1085
Ahmetrotas,TEST,79,0,1,-1,<LSHIFT>,1,2581
Ahmetrotas,TEST,80,1,2,0,<RSHIFT>,1,2234
Ahmetrotas,TEST,81,0,1,4,<RSHIFT>,0,1658
Ahmetrotas,TEST,82,0,2,4,<LSHIFT>,1,1260
Ahmetrotas,TEST,83,1,1,0,<RSHIFT>,1,2104
Ahmetrotas,TEST,84,1,1,2,<RSHIFT>,1,2016
Ahmetrotas,TEST,85,1,1,2,<LSHIFT>,0,1956
Ahmetrotas,TEST,86,1,2,2,<LSHIFT>,0,1719
Ahmetrotas,TEST,87,0,2,2,<LSHIFT>,1,1481
Ahmetrotas,TEST,88,1,2,-3,<LSHIFT>,0,1546
Ahmetrotas,TEST,89,1,1,1,<LSHIFT>,0,2920
Ahmetrotas,TEST,90,1,2,1,<LSHIFT>,0,2634
Ahmetrotas,TEST,91,0,1,3,<TIMEOUT>,0,3003
Ahmetrotas,TEST,92,1,2,-3,<LSHIFT>,0,2016
Ahmetrotas,TEST,93,0,2,1,<LSHIFT>,1,713
Ahmetrotas,TEST,94,1,1,1,<RSHIFT>,1,1493
Ahmetrotas,TEST,95,1,1,-1,<LSHIFT>,0,1046
Ahmetrotas,TEST,96,0,1,1,<LSHIFT>,1,1214
Ahmetrotas,TEST,97,0,2,-1,<TIMEOUT>,0,3002
Ahmetrotas,TEST,98,0,1,3,<LSHIFT>,1,1642
Ahmetrotas,TEST,99,0,1,-2,<RSHIFT>,0,854
Ahmetrotas,TEST,100,1,2,-1,<LSHIFT>,0,775
Ahmetrotas,TEST,101,1,2,3,<LSHIFT>,0,1600
Ahmetrotas,TEST,102,0,2,1,<TIMEOUT>,0,3003
Ahmetrotas,TEST,103,1,1,-3,<RSHIFT>,1,2206
Ahmetrotas,TEST,104,0,1,2,<LSHIFT>,1,1843
Ahmetrotas,TEST,105,1,2,2,<LSHIFT>,0,1570
Ahmetrotas,TEST,106,1,2,-1,<LSHIFT>,0,2160
Ahmetrotas,TEST,107,0,1,1,<RSHIFT>,0,2675
Ahmetrotas,TEST,108,0,2,4,<LSHIFT>,1,1854
Ahmetrotas,TEST,109,1,2,-3,<RSHIFT>,1,2441
Ahmetrotas,TEST,110,0,2,4,<RSHIFT>,0,2988
Ahmetrotas,TEST,111,1,1,3,<LSHIFT>,0,1406
Ahmetrotas,TEST,112,0,2,2,<RSHIFT>,0,1312
Ahmetrotas,TEST,113,0,2,0,<LSHIFT>,1,1350
Ahmetrotas,TEST,114,0,1,4,<RSHIFT>,0,2128
Ahmetrotas,TEST,115,0,1,0,<LSHIFT>,1,1552
Ahmetrotas,TEST,116,1,2,1,<RSHIFT>,1,2035
Ahmetrotas,TEST,117,0,2,-3,<RSHIFT>,0,1540
Ahmetrotas,TEST,118,1,1,-1,<LSHIFT>,0,2060
Ahmetrotas,TEST,119,0,1,-3,<RSHIFT>,0,2716
Ahmetrotas,TEST,120,1,1,1,<LSHIFT>,0,2372
Ahmetrotas,TEST,121,0,2,0,<LSHIFT>,1,835
Ahmetrotas,TEST,122,0,2,0,<LSHIFT>,1,846
Ahmetrotas,TEST,123,1,2,4,<RSHIFT>,1,1032
Ahmetrotas,TEST,124,1,1,2,<RSHIFT>,1,1957
Ahmetrotas,TEST,125,1,2,1,<RSHIFT>,1,2290
Ahmetrotas,TEST,126,1,2,1,<LSHIFT>,0,2324
Ahmetrotas,TEST,127,1,1,3,<LSHIFT>,0,1334
Ahmetrotas,TEST,128,0,1,0,<LSHIFT>,1,853