subNum,type,trialnum,cond,stimid,rot,resp,cor,rt
cengizhocarotasy,PRACTICE,-3,1,2,0,<LSHIFT>,0,2412
cengizhocarotasy,PRACTICE,-2,1,1,-1,<LSHIFT>,0,2396
cengizhocarotasy,PRACTICE,-1,0,1,4,<LSHIFT>,1,1232
cengizhocarotasy,PRACTICE,0,0,2,-2,<LSHIFT>,1,2540
cengizhocarotasy,TEST,1,0,1,0,<LSHIFT>,1,1427
cengizhocarotasy,TEST,2,1,2,4,<LSHIFT>,0,2842
cengizhocarotasy,TEST,3,1,2,-2,<RSHIFT>,1,1704
cengizhocarotasy,TEST,4,0,2,-3,<LSHIFT>,1,2014
cengizhocarotasy,TEST,5,0,1,-3,<LSHIFT>,1,1342
cengizhocarotasy,TEST,6,1,2,2,<TIMEOUT>,0,3002
cengizhocarotasy,TEST,7,0,1,2,<RSHIFT>,0,1472
cengizhocarotasy,TEST,8,0,1,2,<RSHIFT>,0,1531
cengizhocarotasy,TEST,9,1,2,-2,<LSHIFT>,0,2109
cengizhocarotasy,TEST,10,0,2,0,<LSHIFT>,1,1757
cengizhocarotasy,TEST,11,0,1,0,<LSHIFT>,1,1012
cengizhocarotasy,TEST,12,1,1,3,<LSHIFT>,0,1594
cengizhocarotasy,TEST,13,1,1,1,<RSHIFT>,1,2740
cengizhocarotasy,TEST,14,0,2,2,<RSHIFT>,0,2776
cengizhocarotasy,TEST,15,1,2,-1,<LSHIFT>,0,2038
cengizhocarotasy,TEST,16,1,1,2,<LSHIFT>,0,1561
cengizhocarotasy,TEST,17,0,1,-1,<LSHIFT>,1,2298
cengizhocarotasy,TEST,18,1,1,2,<RSHIFT>,1,1482
cengizhocarotasy,TEST,19,0,1,-2,<RSHIFT>,0,1182
cengizhocarotasy,TEST,20,0,1,4,<LSHIFT>,1,1426
cengizhocarotasy,TEST,21,1,1,1,<RSHIFT>,1,982
cengizhocarotasy,TEST,22,1,2,1,<RSHIFT>,1,1136
cengizhocarotasy,TEST,23,0,1,1,<LSHIFT>,1,1188
cengizhocarotasy,TEST,24,1,1,2,<RSHIFT>,1,2268
cengizhocarotasy,TEST,25,1,1,-3,<RSHIFT>,1,1631
cengizhocarotasy,TEST,26,1,1,4,<RSHIFT>,1,1135
cengizhocarotasy,TEST,27,0,2,4,<RSHIFT>,0,1894
cengizhocarotasy,TEST,28,0,1,1,<RSHIFT>,0,1478
cengizhocarotasy,TEST,29,0,2,1,<RSHIFT>,0,1274
cengizhocarotasy,TEST,30,1,2,-1,<RSHIFT>,1,1892
cengizhocarotasy,TEST,31,1,2,1,<RSHIFT>,1,1222
cengizhocarotasy,TEST,32,1,1,2,<RSHIFT>,1,1378
cengizhocarotasy,TEST,33,0,2,3,<RSHIFT>,0,1581
cengizhocarotasy,TEST,34,1,2,4,<LSHIFT>,0,2886
cengizhocarotasy,TEST,35,0,1,-3,<RSHIFT>,0,1607
cengizhocarotasy,TEST,36,0,1,3,<RSHIFT>,0,1426
cengizhocarotasy,TEST,37,1,2,0,<RSHIFT>,1,2724
cengizhocarotasy,TEST,38,0,1,3,<RSHIFT>,0,1681
cengizhocarotasy,TEST,39,0,2,0,<LSHIFT>,1,1296
cengizhocarotasy,TEST,40,1,2,3,<LSHIFT>,0,1265
cengizhocarotasy,TEST,41,1,2,-3,<RSHIFT>,1,1301
cengizhocarotasy,TEST,42,1,2,-1,<LSHIFT>,0,1251
cengizhocarotasy,TEST,43,0,2,2,<LSHIFT>,1,1423
cengizhocarotasy,TEST,44,0,2,-2,<LSHIFT>,1,2134
cengizhocarotasy,TEST,45,1,2,0,<LSHIFT>,0,1738
cengizhocarotasy,TEST,46,1,1,4,<LSHIFT>,0,1354
cengizhocarotasy,TEST,47,0,1,-3,<LSHIFT>,1,1166
cengizhocarotasy,TEST,48,1,2,3,<LSHIFT>,0,1467
cengizhocarotasy,TEST,49,1,1,0,<LSHIFT>,0,1580
cengizhocarotasy,TEST,50,0,1,3,<TIMEOUT>,0,3003
cengizhocarotasy,TEST,51,1,1,3,<RSHIFT>,1,328
cengizhocarotasy,TEST,52,0,2,-2,<RSHIFT>,0,1747
cengizhocarotasy,TEST,53,0,1,4,<LSHIFT>,1,1846
cengizhocarotasy,TEST,54,1,2,-3,<RSHIFT>,1,1088
cengizhocarotasy,TEST,55,0,1,1,<LSHIFT>,1,1724
cengizhocarotasy,TEST,56,0,2,-1,<RSHIFT>,0,926
cengizhocarotasy,TEST,57,1,2,-3,<RSHIFT>,1,1327
cengizhocarotasy,TEST,58,1,1,-2,<LSHIFT>,0,1981
cengizhocarotasy,TEST,59,1,1,-1,<LSHIFT>,0,1757
cengizhocarotasy,TEST,60,0,2,0,<RSHIFT>,0,1303
cengizhocarotasy,TEST,61,1,2,1,<RSHIFT>,1,872
cengizhocarotasy,TEST,62,1,1,0,<LSHIFT>,0,1386
cengizhocarotasy,TEST,63,0,2,1,<LSHIFT>,1,1442
cengizhocarotasy,TEST,64,1,1,-1,<LSHIFT>,0,1376
cengizhocarotasy,TEST,65,1,1,-2,<RSHIFT>,1,836
cengizhocarotasy,TEST,66,1,2,4,<RSHIFT>,1,1546
cengizhocarotasy,TEST,67,0,1,-2,<LSHIFT>,1,2131
cengizhocarotasy,TEST,68,1,1,4,<RSHIFT>,1,2334
cengizhocarotasy,TEST,69,0,2,1,<RSHIFT>,0,1652
cengizhocarotasy,TEST,70,0,1,4,<LSHIFT>,1,1950
cengizhocarotasy,TEST,71,1,1,3,<RSHIFT>,1,2412
cengizhocarotasy,TEST,72,0,1,-1,<RSHIFT>,0,1206
cengizhocarotasy,TEST,73,0,1,-2,<RSHIFT>,0,1608
cengizhocarotasy,TEST,74,1,2,2,<RSHIFT>,1,1136
cengizhocarotasy,TEST,75,1,2,3,<RSHIFT>,1,1846
cengizhocarotasy,TEST,76,1,1,0,<LSHIFT>,0,1360
cengizhocarotasy,TEST,77,0,2,1,<LSHIFT>,1,1665
cengizhocarotasy,TEST,78,0,2,3,<LSHIFT>,1,1948
cengizhocarotasy,TEST,79,0,1,3,<LSHIFT>,1,1568
cengizhocarotasy,TEST,80,0,2,4,<LSHIFT>,1,952
cengizhocarotasy,TEST,81,0,2,-3,<LSHIFT>,1,1102
cengizhocarotasy,TEST,82,1,2,-3,<RSHIFT>,1,1077
cengizhocarotasy,TEST,83,0,2,-1,<LSHIFT>,1,1894
cengizhocarotasy,TEST,84,1,1,3,<RSHIFT>,1,1320
cengizhocarotasy,TEST,85,0,2,4,<LSHIFT>,1,1384
cengizhocarotasy,TEST,86,0,2,0,<LSHIFT>,1,1068
cengizhocarotasy,TEST,87,1,2,2,<LSHIFT>,0,1126
cengizhocarotasy,TEST,88,1,1,4,<LSHIFT>,0,1138
cengizhocarotasy,TEST,89,0,2,-3,<LSHIFT>,1,2378
cengizhocarotasy,TEST,90,1,1,-1,<LSHIFT>,0,2324
cengizhocarotasy,TEST,91,0,1,2,<RSHIFT>,0,1234
cengizhocarotasy,TEST,92,0,1,2,<LSHIFT>,1,1524
cengizhocarotasy,TEST,93,1,1,1,<RSHIFT>,1,1074
cengizhocarotasy,TEST,94,0,2,-3,<RSHIFT>,0,1254
cengizhocarotasy,TEST,95,1,1,0,<RSHIFT>,1,1378
cengizhocarotasy,TEST,96,0,2,-2,<LSHIFT>,1,2300
cengizhocarotasy,TEST,97,1,2,4,<LSHIFT>,0,1330
cengizhocarotasy,TEST,98,0,2,2,<RSHIFT>,0,1202
cengizhocarotasy,TEST,99,0,2,2,<RSHIFT>,0,1030
cengizhocarotasy,TEST,100,0,1,4,<LSHIFT>,1,1136
cengizhocarotasy,TEST,101,0,2,3,<RSHIFT>,0,1254
cengizhocarotasy,TEST,102,1,2,3,<RSHIFT>,1,1146
cengizhocarotasy,TEST,103,0,1,0,<LSHIFT>,1,1102
cengizhocarotasy,TEST,104,1,2,1,<RSHIFT>,1,1309
cengizhocarotasy,TEST,105,1,2,2,<RSHIFT>,1,1868
cengizhocarotasy,TEST,106,1,1,-2,<RSHIFT>,1,2236
cengizhocarotasy,TEST,107,1,2,-2,<RSHIFT>,1,1102
cengizhocarotasy,TEST,108,1,2,-2,<RSHIFT>,1,944
cengizhocarotasy,TEST,109,1,1,-2,<LSHIFT>,0,1944
cengizhocarotasy,TEST,110,0,1,-3,<RSHIFT>,0,1308
cengizhocarotasy,TEST,111,1,1,-1,<RSHIFT>,1,1210
cengizhocarotasy,TEST,112,0,1,0,<LSHIFT>,1,1002
cengizhocarotasy,TEST,113,0,1,1,<RSHIFT>,0,1252
cengizhocarotasy,TEST,114,0,1,-1,<RSHIFT>,0,2050
cengizhocarotasy,TEST,115,1,1,1,<RSHIFT>,1,1232
cengizhocarotasy,TEST,116,1,2,0,<LSHIFT>,0,1278
cengizhocarotasy,TEST,117,1,1,-3,<LSHIFT>,0,1284
cengizhocarotasy,TEST,118,0,2,3,<RSHIFT>,0,1656
cengizhocarotasy,TEST,119,0,2,-1,<RSHIFT>,0,1112
cengizhocarotasy,TEST,120,0,1,-1,<RSHIFT>,0,1307
cengizhocarotasy,TEST,121,0,1,-2,<RSHIFT>,0,943
cengizhocarotasy,TEST,122,1,2,0,<RSHIFT>,1,1121
cengizhocarotasy,TEST,123,1,2,-1,<RSHIFT>,1,1096
cengizhocarotasy,TEST,124,0,2,-1,<RSHIFT>,0,2156
cengizhocarotasy,TEST,125,1,1,-3,<RSHIFT>,1,988
cengizhocarotasy,TEST,126,0,2,-2,<RSHIFT>,0,2008
cengizhocarotasy,TEST,127,1,1,-3,<LSHIFT>,0,1232
cengizhocarotasy,TEST,128,0,2,4,<LSHIFT>,1,1124