subNum,type,trialnum,cond,stimid,rot,resp,cor,rt
emiraltan2rota,PRACTICE,-3,1,2,0,<LSHIFT>,0,1274
emiraltan2rota,PRACTICE,-2,1,1,-1,<LSHIFT>,0,1336
emiraltan2rota,PRACTICE,-1,0,1,4,<LSHIFT>,1,1196
emiraltan2rota,PRACTICE,0,0,2,-2,<RSHIFT>,0,1073
emiraltan2rota,TEST,1,1,1,-3,<LSHIFT>,0,1445
emiraltan2rota,TEST,2,0,2,3,<LSHIFT>,1,821
emiraltan2rota,TEST,3,0,2,1,<LSHIFT>,1,1028
emiraltan2rota,TEST,4,0,1,2,<RSHIFT>,0,1051
emiraltan2rota,TEST,5,0,1,4,<LSHIFT>,1,1076
emiraltan2rota,TEST,6,1,2,3,<LSHIFT>,0,896
emiraltan2rota,TEST,7,0,2,2,<RSHIFT>,0,1346
emiraltan2rota,TEST,8,1,1,2,<LSHIFT>,0,1678
emiraltan2rota,TEST,9,0,1,2,<LSHIFT>,1,1471
emiraltan2rota,TEST,10,1,1,2,<LSHIFT>,0,1093
emiraltan2rota,TEST,11,1,2,4,<LSHIFT>,0,940
emiraltan2rota,TEST,12,1,2,3,<RSHIFT>,1,2573
emiraltan2rota,TEST,13,0,2,4,<LSHIFT>,1,1544
emiraltan2rota,TEST,14,0,2,2,<RSHIFT>,0,1068
emiraltan2rota,TEST,15,1,1,3,<LSHIFT>,0,1047
emiraltan2rota,TEST,16,0,1,-2,<LSHIFT>,1,1258
emiraltan2rota,TEST,17,0,1,0,<LSHIFT>,1,1050
emiraltan2rota,TEST,18,1,2,-2,<RSHIFT>,1,1207
emiraltan2rota,TEST,19,1,1,4,<RSHIFT>,1,2033
emiraltan2rota,TEST,20,1,2,3,<LSHIFT>,0,1433
emiraltan2rota,TEST,21,1,2,1,<LSHIFT>,0,961
emiraltan2rota,TEST,22,0,2,4,<LSHIFT>,1,1574
emiraltan2rota,TEST,23,1,2,4,<RSHIFT>,1,1103
emiraltan2rota,TEST,24,0,1,-3,<LSHIFT>,1,1668
emiraltan2rota,TEST,25,1,1,-3,<RSHIFT>,1,1740
emiraltan2rota,TEST,26,0,2,-2,<RSHIFT>,0,1336
emiraltan2rota,TEST,27,0,1,-3,<LSHIFT>,1,684
emiraltan2rota,TEST,28,1,1,-1,<LSHIFT>,0,1840
emiraltan2rota,TEST,29,1,2,1,<RSHIFT>,1,808
emiraltan2rota,TEST,30,1,2,-3,<RSHIFT>,1,1007
emiraltan2rota,TEST,31,1,1,-2,<RSHIFT>,1,824
emiraltan2rota,TEST,32,1,2,2,<LSHIFT>,0,644
emiraltan2rota,TEST,33,1,1,3,<LSHIFT>,0,868
emiraltan2rota,TEST,34,0,1,-3,<LSHIFT>,1,1234
emiraltan2rota,TEST,35,0,2,-3,<RSHIFT>,0,914
emiraltan2rota,TEST,36,0,1,-1,<RSHIFT>,0,1146
emiraltan2rota,TEST,37,1,2,1,<LSHIFT>,0,1207
emiraltan2rota,TEST,38,1,1,-2,<LSHIFT>,0,1234
emiraltan2rota,TEST,39,1,1,1,<LSHIFT>,0,1431
emiraltan2rota,TEST,40,0,2,-2,<LSHIFT>,1,1138
emiraltan2rota,TEST,41,0,2,1,<LSHIFT>,1,1377
emiraltan2rota,TEST,42,1,1,2,<LSHIFT>,0,1508
emiraltan2rota,TEST,43,0,1,2,<RSHIFT>,0,1864
emiraltan2rota,TEST,44,1,2,-1,<LSHIFT>,0,1156
emiraltan2rota,TEST,45,0,2,4,<RSHIFT>,0,758
emiraltan2rota,TEST,46,1,1,-3,<RSHIFT>,1,864
emiraltan2rota,TEST,47,1,2,0,<LSHIFT>,0,1564
emiraltan2rota,TEST,48,0,2,0,<LSHIFT>,1,1142
emiraltan2rota,TEST,49,1,1,-3,<LSHIFT>,0,1461
emiraltan2rota,TEST,50,0,2,-1,<RSHIFT>,0,1205
emiraltan2rota,TEST,51,0,2,0,<RSHIFT>,0,942
emiraltan2rota,TEST,52,0,2,3,<RSHIFT>,0,1584
emiraltan2rota,TEST,53,1,1,4,<LSHIFT>,0,877
emiraltan2rota,TEST,54,0,1,3,<RSHIFT>,0,840
emiraltan2rota,TEST,55,0,1,0,<LSHIFT>,1,360
emiraltan2rota,TEST,56,1,2,-1,<LSHIFT>,0,600
emiraltan2rota,TEST,57,1,1,3,<RSHIFT>,1,508
emiraltan2rota,TEST,58,1,2,-3,<RSHIFT>,1,596
emiraltan2rota,TEST,59,0,1,2,<RSHIFT>,0,446
emiraltan2rota,TEST,60,0,1,-1,<LSHIFT>,1,332
emiraltan2rota,TEST,61,1,1,-1,<LSHIFT>,0,1235
emiraltan2rota,TEST,62,1,2,2,<LSHIFT>,0,919
emiraltan2rota,TEST,63,0,1,3,<LSHIFT>,1,442
emiraltan2rota,TEST,64,0,2,2,<LSHIFT>,1,1073
emiraltan2rota,TEST,65,1,2,-1,<RSHIFT>,1,812
emiraltan2rota,TEST,66,1,1,0,<RSHIFT>,1,555
emiraltan2rota,TEST,67,0,1,-2,<LSHIFT>,1,378
emiraltan2rota,TEST,68,1,2,-2,<RSHIFT>,1,362
emiraltan2rota,TEST,69,1,1,3,<LSHIFT>,0,298
emiraltan2rota,TEST,70,1,2,-2,<RSHIFT>,1,285
emiraltan2rota,TEST,71,0,2,-3,<LSHIFT>,1,656
emiraltan2rota,TEST,72,1,2,4,<RSHIFT>,1,426
emiraltan2rota,TEST,73,0,1,1,<LSHIFT>,1,480
emiraltan2rota,TEST,74,0,1,3,<LSHIFT>,1,394
emiraltan2rota,TEST,75,1,1,-1,<RSHIFT>,1,404
emiraltan2rota,TEST,76,0,2,-3,<RSHIFT>,0,356
emiraltan2rota,TEST,77,1,1,4,<LSHIFT>,0,285
emiraltan2rota,TEST,78,1,2,2,<RSHIFT>,1,643
emiraltan2rota,TEST,79,0,2,3,<RSHIFT>,0,469
emiraltan2rota,TEST,80,1,1,0,<LSHIFT>,0,853
emiraltan2rota,TEST,81,0,1,4,<LSHIFT>,1,1350
emiraltan2rota,TEST,82,1,1,2,<RSHIFT>,1,922
emiraltan2rota,TEST,83,0,2,-1,<RSHIFT>,0,820
emiraltan2rota,TEST,84,1,2,-3,<LSHIFT>,0,309
emiraltan2rota,TEST,85,0,2,1,<RSHIFT>,0,232
emiraltan2rota,TEST,86,0,2,1,<RSHIFT>,0,362
emiraltan2rota,TEST,87,1,2,1,<LSHIFT>,0,964
emiraltan2rota,TEST,88,0,1,1,<LSHIFT>,1,824
emiraltan2rota,TEST,89,1,1,0,<RSHIFT>,1,1525
emiraltan2rota,TEST,90,0,1,3,<LSHIFT>,1,1572
emiraltan2rota,TEST,91,0,1,-2,<RSHIFT>,0,1062
emiraltan2rota,TEST,92,1,1,1,<LSHIFT>,0,215
emiraltan2rota,TEST,93,0,1,4,<LSHIFT>,1,925
emiraltan2rota,TEST,94,1,2,-2,<LSHIFT>,0,888
emiraltan2rota,TEST,95,0,2,-1,<LSHIFT>,1,1486
emiraltan2rota,TEST,96,1,1,4,<RSHIFT>,1,2011
emiraltan2rota,TEST,97,1,1,0,<LSHIFT>,0,1026
emiraltan2rota,TEST,98,1,2,-1,<RSHIFT>,1,320
emiraltan2rota,TEST,99,1,2,0,<RSHIFT>,1,1250
emiraltan2rota,TEST,100,1,2,0,<LSHIFT>,0,1054
emiraltan2rota,TEST,101,0,2,3,<RSHIFT>,0,870
emiraltan2rota,TEST,102,0,2,2,<LSHIFT>,1,1110
emiraltan2rota,TEST,103,0,2,0,<LSHIFT>,1,1056
emiraltan2rota,TEST,104,1,2,0,<LSHIFT>,0,1149
emiraltan2rota,TEST,105,0,1,-1,<RSHIFT>,0,304
emiraltan2rota,TEST,106,0,2,4,<RSHIFT>,0,1148
emiraltan2rota,TEST,107,0,1,-3,<RSHIFT>,0,625
emiraltan2rota,TEST,108,1,1,-2,<LSHIFT>,0,1162
emiraltan2rota,TEST,109,1,2,4,<RSHIFT>,1,1507
emiraltan2rota,TEST,110,0,2,-2,<LSHIFT>,1,968
emiraltan2rota,TEST,111,0,1,-1,<LSHIFT>,1,590
emiraltan2rota,TEST,112,1,2,2,<RSHIFT>,1,330
emiraltan2rota,TEST,113,0,1,1,<RSHIFT>,0,392
emiraltan2rota,TEST,114,0,2,-3,<LSHIFT>,1,269
emiraltan2rota,TEST,115,0,2,-1,<LSHIFT>,1,1197
emiraltan2rota,TEST,116,1,1,-1,<LSHIFT>,0,543
emiraltan2rota,TEST,117,0,1,4,<RSHIFT>,0,149
emiraltan2rota,TEST,118,1,2,3,<RSHIFT>,1,1979
emiraltan2rota,TEST,119,0,2,-2,<LSHIFT>,1,1034
emiraltan2rota,TEST,120,0,1,0,<LSHIFT>,1,1208
emiraltan2rota,TEST,121,1,1,-2,<RSHIFT>,1,1296
emiraltan2rota,TEST,122,1,1,1,<RSHIFT>,1,876
emiraltan2rota,TEST,123,0,1,0,<LSHIFT>,1,1378
emiraltan2rota,TEST,124,1,1,1,<RSHIFT>,1,1038
emiraltan2rota,TEST,125,0,1,1,<RSHIFT>,0,1178
emiraltan2rota,TEST,126,0,2,0,<LSHIFT>,1,427
emiraltan2rota,TEST,127,0,1,-2,<LSHIFT>,1,1156
emiraltan2rota,TEST,128,1,2,-3,<RSHIFT>,1,750